{"pico_temperature": 33.13031, "humidity": 57.72209, "temperature": 21.13152}